sku,platform,url,error,timestamp
EDF-100,amazon,https://www.amazon.in/dp/B0B59MRG9M,Price not found,2026-04-13 14:29:59
EDF-200,amazon,https://www.amazon.in/dp/B0C1ZG97MN,Price not found,2026-04-13 14:29:59
EDF-300,amazon,https://www.amazon.in/dp/B0CDCGZFKY,Price not found,2026-04-13 14:29:59
EDF-100,amazon,https://www.amazon.in/dp/B0B59MRG9M,Price not found,2026-04-14 08:41:17
EDF-200,amazon,https://www.amazon.in/dp/B0C1ZG97MN,Price not found,2026-04-14 08:41:17
EDF-300,amazon,https://www.amazon.in/dp/B0CDCGZFKY,Price not found,2026-04-14 08:41:17
EDF-400,amazon,https://www.amazon.in/dp/B0CH8864W4,Price not found,2026-04-14 08:41:17
EDF-100,amazon,https://www.amazon.in/dp/B0B59MRG9M,Price not found,2026-04-16 05:41:19
EDS-150,flipkart,https://www.flipkart.com/trunativ-everyday-sweet-monkfruit-sweetener-1-1-natural-sugar-replacer-diabetic-friendly/p/itm3435f7f5dd56a?pid=ARSGJPVFDEWSMMGJ,Timeout while loading page,2026-04-17 05:39:08
EDS-150,fk min,https://www.flipkart.com/trunativ-everyday-sweet-monkfruit-sweetener-1-1-natural-sugar-replacer-diabetic-friendly/p/itm3435f7f5dd56a?pid=ARSGJPVFDEWSMMGJ&lid=LSTARSGJPVFDEWSMMGJ2JWLWK&marketplace=HYPERLOCAL&shopId=mum_024_wh_hl_01&pageUID=1776334037361,Unsupported platform: fk min,2026-04-17 05:39:08
EDS-150,flipkart,https://www.flipkart.com/trunativ-everyday-sweet-monkfruit-sweetener-1-1-natural-sugar-replacer-diabetic-friendly/p/itm3435f7f5dd56a?pid=ARSGJPVFDEWSMMGJ,Price not found,2026-04-17 10:07:47
EDS-150,fk min,https://www.flipkart.com/trunativ-everyday-sweet-monkfruit-sweetener-1-1-natural-sugar-replacer-diabetic-friendly/p/itm3435f7f5dd56a?pid=ARSGJPVFDEWSMMGJ&lid=LSTARSGJPVFDEWSMMGJ2JWLWK&marketplace=HYPERLOCAL&shopId=mum_024_wh_hl_01&pageUID=1776334037361,Unsupported platform: fk min,2026-04-17 10:07:47
EDF-100,amazon,https://www.amazon.in/dp/B0B59MRG9M,Price not found,2026-04-17 10:07:47
EDS-150,flipkart,https://www.flipkart.com/trunativ-everyday-sweet-monkfruit-sweetener-1-1-natural-sugar-replacer-diabetic-friendly/p/itm3435f7f5dd56a?pid=ARSGJPVFDEWSMMGJ,Price not found,2026-04-17 12:19:30
EDF-200,amazon,https://www.amazon.in/dp/B0C1ZG97MN,Price not found,2026-04-17 12:19:30
EDF-100,amazon,https://www.amazon.in/dp/B0B59MRG9M,Price not found,2026-04-17 12:19:30
EDF-100,amazon,https://www.amazon.in/dp/B0B59MRG9M,Price not found,2026-04-18 05:21:01
EDF-200,amazon,https://www.amazon.in/dp/B0C1ZG97MN,Price not found,2026-04-18 05:21:01
EDF-400,amazon,https://www.amazon.in/dp/B0CH8864W4,Price not found,2026-04-18 05:21:01
EDS-150,amazon,https://www.amazon.in/dp/B0BHHHRZMW,Price not found,2026-04-18 05:21:01
EDF-300,amazon,https://www.amazon.in/dp/B0CDCGZFKY,Price not found,2026-04-18 05:21:01
EDS-150,flipkart,https://www.flipkart.com/trunativ-everyday-sweet-monkfruit-sweetener-1-1-natural-sugar-replacer-diabetic-friendly/p/itm3435f7f5dd56a?pid=ARSGJPVFDEWSMMGJ,Price not found,2026-04-18 05:21:01
EDF-600,amazon,https://www.amazon.in/dp/B0D4DNQTJR,Price not found,2026-04-18 05:21:01
EDS-S-240,amazon,https://www.amazon.in/dp/B0CZP9RQ9X,Price not found,2026-04-18 05:21:01
EDF-500,amazon,https://www.amazon.in/dp/B0D4DRYQ46,Price not found,2026-04-18 05:21:01
ACMC-200,amazon,https://www.amazon.in/dp/B0DJGW5PJ8,Price not found,2026-04-19 05:39:26
ACBL-200,amazon,https://www.amazon.in/dp/B0DJGYGJ98,Price not found,2026-04-19 05:39:26
EDPP-400,amazon,https://www.amazon.in/dp/B09N98Q646,Price not found,2026-04-19 05:39:26
EDS-S-240,amazon,https://www.amazon.in/dp/B0CZP9RQ9X,Price not found,2026-04-19 05:39:26
EDF-200,amazon,https://www.amazon.in/dp/B0C1ZG97MN,Price not found,2026-04-19 05:39:26
ACU-200,amazon,https://www.amazon.in/dp/B0DJH12W2R,Price not found,2026-04-19 05:39:26
ACBL-S-60,amazon,https://www.amazon.in/dp/B0DNK41LM8,Price not found,2026-04-19 05:39:26
EDF-300,amazon,https://www.amazon.in/dp/B0CDCGZFKY,Price not found,2026-04-19 05:39:26
EDS-150,flipkart,https://www.flipkart.com/trunativ-everyday-sweet-monkfruit-sweetener-1-1-natural-sugar-replacer-diabetic-friendly/p/itm3435f7f5dd56a?pid=ARSGJPVFDEWSMMGJ,Price not found,2026-04-20 06:00:28
EDS-800,amazon,https://www.amazon.in/dp/B0CD7ZBHJJ,Price not found,2026-04-21 05:38:47
EDPP-400,amazon,https://www.amazon.in/dp/B09N98Q646,Price not found,2026-04-21 05:38:47
WI-900,amazon,https://www.amazon.in/dp/B07WGDXGTV,Price not found,2026-04-21 05:38:47
EDP-400,amazon,https://www.amazon.in/dp/B09BR5JJV2,Price not found,2026-04-21 05:38:47
EDP-900,amazon,https://www.amazon.in/dp/B09BR6775J,Price not found,2026-04-21 05:38:47
ACMC-200,amazon,https://www.amazon.in/dp/B0DJGW5PJ8,Price not found,2026-04-21 05:38:47
EDPP-900,amazon,https://www.amazon.in/dp/B09N91P1B1,Price not found,2026-04-21 05:38:47
ACLC-200,amazon,https://www.amazon.in/dp/B0DJGX7L99,Price not found,2026-04-21 05:38:47
ACU-200,amazon,https://www.amazon.in/dp/B0DJH12W2R,Price not found,2026-04-21 05:38:47
EDS-S-480,amazon,https://www.amazon.in/dp/B0DK5R5L45,Price not found,2026-04-21 05:38:47
ACBL-200,amazon,https://www.amazon.in/dp/B0DJGYGJ98,Price not found,2026-04-21 05:38:47
EDF-100,amazon,https://www.amazon.in/dp/B0B59MRG9M,Price not found,2026-04-21 05:38:47
EDS-150,amazon,https://www.amazon.in/dp/B0BHHHRZMW,Price not found,2026-04-21 05:38:47
EDS-S-960,amazon,https://www.amazon.in/dp/B0DK5RYBNW,Price not found,2026-04-21 05:38:47
EDS-S-240,amazon,https://www.amazon.in/dp/B0CZP9RQ9X,Price not found,2026-04-21 05:38:47
EDS-400,amazon,https://www.amazon.in/dp/B0BGH5R1F9,Price not found,2026-04-21 05:38:47
EDF-200,amazon,https://www.amazon.in/dp/B0C1ZG97MN,Price not found,2026-04-21 05:38:47
ACLC-S-60,amazon,https://www.amazon.in/dp/B0DNK35HBV,Price not found,2026-04-21 05:38:47
EDF-400,amazon,https://www.amazon.in/dp/B0CH8864W4,Price not found,2026-04-21 05:38:47
EDF-500,amazon,https://www.amazon.in/dp/B0D4DRYQ46,Price not found,2026-04-21 05:38:47
EDF-600,amazon,https://www.amazon.in/dp/B0D4DNQTJR,Price not found,2026-04-21 05:38:47
EDF-300,amazon,https://www.amazon.in/dp/B0CDCGZFKY,Price not found,2026-04-21 05:38:47
EDS-150,flipkart,https://www.flipkart.com/trunativ-everyday-sweet-monkfruit-sweetener-1-1-natural-sugar-replacer-diabetic-friendly/p/itm3435f7f5dd56a?pid=ARSGJPVFDEWSMMGJ,Price not found,2026-04-22 05:37:44
EDF-500,amazon,https://www.amazon.in/dp/B0D4DRYQ46,Price not found,2026-04-22 05:37:44
EDS-S-240,amazon,https://www.amazon.in/dp/B0CZP9RQ9X,Price not found,2026-04-22 05:37:44
EDPP-400,amazon,https://www.amazon.in/dp/B09N98Q646,Price not found,2026-04-22 05:37:44
EDF-100,amazon,https://www.amazon.in/dp/B0B59MRG9M,Price not found,2026-04-22 05:37:44
EDF-200,amazon,https://www.amazon.in/dp/B0C1ZG97MN,Price not found,2026-04-22 05:37:44
EDF-300,amazon,https://www.amazon.in/dp/B0CDCGZFKY,Price not found,2026-04-22 05:37:44
EDF-600,amazon,https://www.amazon.in/dp/B0D4DNQTJR,Price not found,2026-04-22 05:37:44
EDS-800,amazon,https://www.amazon.in/dp/B0CD7ZBHJJ,Price not found,2026-04-22 05:37:44
EDF-400,amazon,https://www.amazon.in/dp/B0CH8864W4,Price not found,2026-04-22 05:37:44
EDS-S-480,amazon,https://www.amazon.in/dp/B0DK5R5L45,Price not found,2026-04-22 05:37:44
EDS-400,amazon,https://www.amazon.in/dp/B0BGH5R1F9,Price not found,2026-04-22 05:37:44
WI-900,amazon,https://www.amazon.in/dp/B07WGDXGTV,Price not found,2026-04-22 05:37:44
EDP-400,amazon,https://www.amazon.in/dp/B09BR5JJV2,Price not found,2026-04-22 05:37:44
EDS-S-960,amazon,https://www.amazon.in/dp/B0DK5RYBNW,Price not found,2026-04-22 05:37:44
EDP-900,amazon,https://www.amazon.in/dp/B09BR6775J,Price not found,2026-04-22 05:37:44
EDS-150,amazon,https://www.amazon.in/dp/B0BHHHRZMW,Price not found,2026-04-22 05:37:44
EDF-100,amazon,https://www.amazon.in/dp/B0B59MRG9M,Price not found,2026-04-23 05:41:52
EDS-150,flipkart,https://www.flipkart.com/trunativ-everyday-sweet-monkfruit-sweetener-1-1-natural-sugar-replacer-diabetic-friendly/p/itm3435f7f5dd56a?pid=ARSGJPVFDEWSMMGJ,Price not found,2026-04-23 05:41:52
